{
  "mainAssemblyName": "MyCalculator",
  "resources": {
    "hash": "sha256-8+uOVAP1yMRChBDt/7eP+8MaZygsGf1vWggtCQWOH8E=",
    "jsModuleNative": {
      "dotnet.native.js": "sha256-vtotCeXt2UD6oc459laJT32vBgigZ+eLoUmdeFkvYDk="
    },
    "jsModuleRuntime": {
      "dotnet.runtime.js": "sha256-6bV/iAemowb59rmItegP8VsxwWpWUNyMb0Q76Fvvsjo="
    },
    "wasmNative": {
      "dotnet.native.wasm": "sha256-I9mo79uNpf37/J/jYCGkW9F0w+mgb+ezeNdHNbQNvf0="
    },
    "icu": {
      "icudt_CJK.dat": "sha256-SZLtQnRc0JkwqHab0VUVP7T3uBPSeYzxzDnpxPpUnHk=",
      "icudt_EFIGS.dat": "sha256-8fItetYY8kQ0ww6oxwTLiT3oXlBwHKumbeP2pRF4yTc=",
      "icudt_no_CJK.dat": "sha256-L7sV7NEYP37/Qr2FPCePo5cJqRgTXRwGHuwF5Q+0Nfs="
    },
    "coreAssembly": {},
    "assembly": {
      "Microsoft.AspNetCore.Components.wasm": "sha256-P8q+6VKrnN7Bv9MfyhyBO0p/gtnzebKWtPHAQGGKUNo=",
      "Microsoft.AspNetCore.Components.Web.wasm": "sha256-NAW9D6gwU6DO9gl54L6MBzbnUZNDisAPzVEGHIFBKOE=",
      "Microsoft.AspNetCore.Components.WebAssembly.wasm": "sha256-02qKE4d8x0H9cVy+81NKX4v/B5Hhf9GXI1+Sbsk8X6A=",
      "Microsoft.Extensions.Configuration.wasm": "sha256-od574rRtVVRJj+24jbl8j3GdQFpxlJOpSx+pEMw1Q18=",
      "Microsoft.Extensions.Configuration.Abstractions.wasm": "sha256-XR+WUfg8LtnrwdXFBnV+qO3ROyp6cYCfl1AZajIAheM=",
      "Microsoft.Extensions.Configuration.Json.wasm": "sha256-3UBRwvCkKtraRUarsIBDS05tA2rRm1leCB6EDfyVjeA=",
      "Microsoft.Extensions.DependencyInjection.wasm": "sha256-mw/Sy1n9J6R0bUD0GI5MtB/zP+wyzOPiVsOTA/1C4NA=",
      "Microsoft.Extensions.DependencyInjection.Abstractions.wasm": "sha256-YHjnXdQfeSXTi2jPeBuUdVqLw0+YGCPaZm1uBG/dRds=",
      "Microsoft.Extensions.Logging.wasm": "sha256-lronxO5RVywLbFhme/ExIuzFePlP8EosZyZteUaMAwE=",
      "Microsoft.Extensions.Logging.Abstractions.wasm": "sha256-HbtMUzIIXgi7lfYQDxb6l6aMWu5jkNv6U/xZl/4uggo=",
      "Microsoft.Extensions.Options.wasm": "sha256-mngxZ7DtB5tYzmxZdVWZapJTSJ/yGClqQAcqOkLk3Lk=",
      "Microsoft.Extensions.Primitives.wasm": "sha256-Bi1hyBMWneH/ByWbqT/pNe0B7I/NQFklzD2g3Whdqlk=",
      "Microsoft.JSInterop.wasm": "sha256-GowOkCp/kb5KG5DUqYFV1TDEurk3ZmvjnPsyDxUXcM8=",
      "Microsoft.JSInterop.WebAssembly.wasm": "sha256-aqyuCwf1Tsx4FU+9M7zG+jZJZH7d2KbP4hPdHZlKvHw=",
      "System.Collections.Concurrent.wasm": "sha256-1VsWJDZOjHhGgkeARctS8GDDlgoxhawD8YVXMzt3rNE=",
      "System.Collections.NonGeneric.wasm": "sha256-ZrsZBb7j4aAfryAt03WUZJX7XeWSzCae5cGA4cYzsOw=",
      "System.Collections.wasm": "sha256-C1PA1VSj0IZe+fR5v7J+Rh3HNYmhsJh60ujj2NuHoxQ=",
      "System.ComponentModel.Primitives.wasm": "sha256-Vao2gZP4YWvjFK2+Clg11+0JGIhvqVhf3ZtT2mGGoyI=",
      "System.ComponentModel.TypeConverter.wasm": "sha256-LMe42G+ITvmmHcexxne/x1OmFXJAvO4VZIjWNh4bF9I=",
      "System.ComponentModel.wasm": "sha256-QTfBq0WhUNQZNfdaNP6HLBZXxukPmlOOs3NG5TW/LHs=",
      "System.Console.wasm": "sha256-CPUpsOPVlxH36cm2dHRRl2xzqEvx7rhQGCw8ORdZyho=",
      "System.Data.Common.wasm": "sha256-e/oQ1amvNYNCgJkLmcNWJitGLXQFBvcgiQ0jz4pnscw=",
      "System.Diagnostics.DiagnosticSource.wasm": "sha256-XC2AKGgjzIuJU3y+K2FO8RtYdAY3VHYG6uBcFN+HMOY=",
      "System.Linq.wasm": "sha256-4krXaw7KQEWzLvj8iBiOI8j14R/5GEUx4Z4CoRkwgOE=",
      "System.Memory.wasm": "sha256-Oq9UQBaIAhWyqvCLp+a38H24Pn8ozR+UzdtYmlnjpNs=",
      "System.Net.Http.Json.wasm": "sha256-iwUDb49085N8rDl6vjd3XLQ3vrWak8jgiFfmJaTo45I=",
      "System.Net.Http.wasm": "sha256-daTJgJmB2XK1jEY0yFJYe1kctdvDmWCFXcEPZZ+ng/g=",
      "System.Net.Primitives.wasm": "sha256-qQQJFBo8rvgAI/UP5cWf04bempHFvT5eSfb8xhLv0og=",
      "System.ObjectModel.wasm": "sha256-hzjbBFRxlkIKzftXSMzKCvTtSlIglPk9xaUdDU6SsO4=",
      "System.Private.Uri.wasm": "sha256-eyUNwOeDZwU2AbcfwxTSlSQoBWwKy2cHVFM4w+0sAiM=",
      "System.Private.Xml.wasm": "sha256-Ouy0GwY0c8k0v8/0aGGnjdgxyrM6ua+5i+zX9+qB3XA=",
      "System.Runtime.InteropServices.JavaScript.wasm": "sha256-HoMTDuTDnPPGz33cAhUPWnjlBFwLPlXJmatxg7HMeac=",
      "System.Runtime.Numerics.wasm": "sha256-y1J3TBET1fey/T9UlOYQYjt6zgEyVY4w5p80pU1g9oM=",
      "System.Runtime.wasm": "sha256-bMmd9f5pNyYkBSw06X8VsQWNxRrgyAueGjRa1vKVC94=",
      "System.Text.Encodings.Web.wasm": "sha256-W1+3Cs/g9HhgLy8QR8yJAQbxhEi61ZFQGNgOUretBKQ=",
      "System.Text.Json.wasm": "sha256-t7kxB26qjmY6qxS+DjESrKgOnF5UcHmMiSmpMP4lDDw=",
      "System.Text.RegularExpressions.wasm": "sha256-N5iEwt2bfvrglh1Ef1pkKFXQo82wOkhE64+4FGK7Ru8=",
      "System.wasm": "sha256-I4hhyMuUoHdrzDopL9tlnkL/Skg+0OO+gmkOXNT3dcg=",
      "System.Private.CoreLib.wasm": "sha256-SPmHiVjppATCltcKYrBZpOMTPbDxiLUFC4ImRXHg1Ns=",
      "MyCalculator.wasm": "sha256-mXUhFK4h3aPDHL9AgL5Zl/zo7/nafwiyNp4zrMUOL44="
    }
  },
  "cacheBootResources": true,
  "debugLevel": 0,
  "linkerEnabled": true,
  "globalizationMode": "sharded",
  "extensions": {
    "blazor": {}
  }
}